time,high
2018-09-18 10:00:00,6257.8
2018-09-18 09:00:00,6264.88
2018-09-18 08:00:00,6259
2018-09-18 07:00:00,6278.99
2018-09-18 06:00:00,6273.12
2018-09-18 05:00:00,6261.92
2018-09-18 04:00:00,6270.75
2018-09-18 03:00:00,6311.16
2018-09-18 02:00:00,6320.34
2018-09-18 01:00:00,6298.29
2018-09-18 00:00:00,6295.04
2018-09-17 23:00:00,6355.47
2018-09-17 22:00:00,6427.11
2018-09-17 21:00:00,6463.48
2018-09-17 20:00:00,6475.83
2018-09-17 19:00:00,6489.71
2018-09-17 18:00:00,6504.97
2018-09-17 17:00:00,6508.8
2018-09-17 16:00:00,6480.95
2018-09-17 15:00:00,6485.72
2018-09-17 14:00:00,6492
2018-09-17 13:00:00,6490.1
2018-09-17 12:00:00,6520
2018-09-17 11:00:00,6519.86
2018-09-17 10:00:00,6520
2018-09-17 09:00:00,6531.6
2018-09-17 08:00:00,6534.14
2018-09-17 07:00:00,6510.04
2018-09-17 06:00:00,6500.15
2018-09-17 05:00:00,6510.87
2018-09-17 04:00:00,6514.95
2018-09-17 03:00:00,6515
2018-09-17 02:00:00,6493.56
2018-09-17 01:00:00,6491.2
2018-09-17 00:00:00,6494.72
2018-09-16 23:00:00,6481.32
2018-09-16 22:00:00,6483
2018-09-16 21:00:00,6509.42
2018-09-16 20:00:00,6510.14
2018-09-16 19:00:00,6512.64
2018-09-16 18:00:00,6520
2018-09-16 17:00:00,6499.27
2018-09-16 16:00:00,6500
2018-09-16 15:00:00,6463.77
2018-09-16 14:00:00,6469.5
2018-09-16 13:00:00,6473.36
2018-09-16 12:00:00,6481.01
2018-09-16 11:00:00,6503.33
2018-09-16 10:00:00,6506.7
2018-09-16 09:00:00,6520.8
2018-09-16 08:00:00,6520.72
2018-09-16 07:00:00,6530.4
2018-09-16 06:00:00,6533.16
2018-09-16 05:00:00,6536.3
2018-09-16 04:00:00,6536.86
2018-09-16 03:00:00,6538.84
2018-09-16 02:00:00,6547.1
2018-09-16 01:00:00,6555.19
2018-09-16 00:00:00,6558.56
2018-09-15 23:00:00,6544.71
2018-09-15 22:00:00,6563.15
2018-09-15 21:00:00,6560
2018-09-15 20:00:00,6535.8
2018-09-15 19:00:00,6526.4
2018-09-15 18:00:00,6550
2018-09-15 17:00:00,6535
2018-09-15 16:00:00,6532.77
2018-09-15 15:00:00,6507.54
2018-09-15 14:00:00,6495.32
2018-09-15 13:00:00,6516.81
2018-09-15 12:00:00,6517.25
2018-09-15 11:00:00,6505.53
2018-09-15 10:00:00,6525
2018-09-15 09:00:00,6525.43
2018-09-15 08:00:00,6501.77
2018-09-15 07:00:00,6525.57
2018-09-15 06:00:00,6536.58
2018-09-15 05:00:00,6536.22
2018-09-15 04:00:00,6540
2018-09-15 03:00:00,6540
2018-09-15 02:00:00,6493.35
2018-09-15 01:00:00,6509.53
2018-09-15 00:00:00,6520
2018-09-14 23:00:00,6484.65
2018-09-14 22:00:00,6457.37
2018-09-14 21:00:00,6469.36
2018-09-14 20:00:00,6474.68
2018-09-14 19:00:00,6484.36
2018-09-14 18:00:00,6464.53
2018-09-14 17:00:00,6460.88
2018-09-14 16:00:00,6546.46
2018-09-14 15:00:00,6584.04
2018-09-14 14:00:00,6555.67
2018-09-14 13:00:00,6565
2018-09-14 12:00:00,6562.59
2018-09-14 11:00:00,6581
2018-09-14 10:00:00,6556
2018-09-14 09:00:00,6496.98
2018-09-14 08:00:00,6498.89
2018-09-14 07:00:00,6520
2018-09-14 06:00:00,6502.45
2018-09-14 05:00:00,6470.78
2018-09-14 04:00:00,6476.36
2018-09-14 03:00:00,6500.43
2018-09-14 02:00:00,6508.15
2018-09-14 01:00:00,6525.72
2018-09-14 00:00:00,6527.9
2018-09-13 23:00:00,6498.22
2018-09-13 22:00:00,6524.99
2018-09-13 21:00:00,6528
2018-09-13 20:00:00,6485.28
2018-09-13 19:00:00,6467
2018-09-13 18:00:00,6474.8
2018-09-13 17:00:00,6482.1
2018-09-13 16:00:00,6433
2018-09-13 15:00:00,6400.83
2018-09-13 14:00:00,6391.05
2018-09-13 13:00:00,6403
2018-09-13 12:00:00,6411.19
2018-09-13 11:00:00,6410.83
2018-09-13 10:00:00,6404.5
2018-09-13 09:00:00,6423.1
2018-09-13 08:00:00,6436.46
2018-09-13 07:00:00,6355
2018-09-13 06:00:00,6352.35
2018-09-13 05:00:00,6338
2018-09-13 04:00:00,6318.64
2018-09-13 03:00:00,6334.87
2018-09-13 02:00:00,6355
2018-09-13 01:00:00,6314.96
2018-09-13 00:00:00,6281
2018-09-12 23:00:00,6290
2018-09-12 22:00:00,6297.99
2018-09-12 21:00:00,6297.23
2018-09-12 20:00:00,6286.27
2018-09-12 19:00:00,6261.86
2018-09-12 18:00:00,6277.31
2018-09-12 17:00:00,6263.57
2018-09-12 16:00:00,6255.62
2018-09-12 15:00:00,6269.14
2018-09-12 14:00:00,6285.57
2018-09-12 13:00:00,6304.95
2018-09-12 12:00:00,6288.54
2018-09-12 11:00:00,6265.2
2018-09-12 10:00:00,6280
2018-09-12 09:00:00,6280.94
2018-09-12 08:00:00,6300.5
2018-09-12 07:00:00,6305.85
2018-09-12 06:00:00,6320
2018-09-12 05:00:00,6320
2018-09-12 04:00:00,6278.42
2018-09-12 03:00:00,6286.08
2018-09-12 02:00:00,6252.72
2018-09-12 01:00:00,6259.87
2018-09-12 00:00:00,6270.12
2018-09-11 23:00:00,6256.43
2018-09-11 22:00:00,6298.06
2018-09-11 21:00:00,6303.19
2018-09-11 20:00:00,6293.63
2018-09-11 19:00:00,6321
2018-09-11 18:00:00,6336.17
2018-09-11 17:00:00,6346.51
2018-09-11 16:00:00,6329.77
2018-09-11 15:00:00,6340.58
2018-09-11 14:00:00,6350
2018-09-11 13:00:00,6344.96
2018-09-11 12:00:00,6363.79
2018-09-11 11:00:00,6377.6
2018-09-11 10:00:00,6397.74
2018-09-11 09:00:00,6381.06
2018-09-11 08:00:00,6345
2018-09-11 07:00:00,6319
2018-09-11 06:00:00,6299.59
2018-09-11 05:00:00,6316.74
2018-09-11 04:00:00,6340
2018-09-11 03:00:00,6277.49
2018-09-11 02:00:00,6290
2018-09-11 01:00:00,6282.66
2018-09-11 00:00:00,6301
2018-09-10 23:00:00,6310.86
2018-09-10 22:00:00,6348.78
2018-09-10 21:00:00,6318.41
2018-09-10 20:00:00,6316.74
2018-09-10 19:00:00,6322.4
2018-09-10 18:00:00,6320.26
2018-09-10 17:00:00,6305.91
2018-09-10 16:00:00,6333.64
2018-09-10 15:00:00,6349.04
2018-09-10 14:00:00,6331.98
2018-09-10 13:00:00,6308.42
2018-09-10 12:00:00,6314.8
2018-09-10 11:00:00,6322.56
2018-09-10 10:00:00,6350
2018-09-10 09:00:00,6381
2018-09-10 08:00:00,6277.91
2018-09-10 07:00:00,6289.45
2018-09-10 06:00:00,6373.07
2018-09-10 05:00:00,6394.65
2018-09-10 04:00:00,6394.95
2018-09-10 03:00:00,6392.41
2018-09-10 02:00:00,6394.51
2018-09-10 01:00:00,6389.9
2018-09-10 00:00:00,6387.71
2018-09-09 23:00:00,6391.22
2018-09-09 22:00:00,6430
2018-09-09 21:00:00,6449
2018-09-09 20:00:00,6408
2018-09-09 19:00:00,6389
2018-09-09 18:00:00,6396.09
2018-09-09 17:00:00,6448.35
2018-09-09 16:00:00,6204.04
2018-09-09 15:00:00,6200.01
2018-09-09 14:00:00,6197.77
2018-09-09 13:00:00,6189.27
2018-09-09 12:00:00,6193.12
2018-09-09 11:00:00,6182.25
2018-09-09 10:00:00,6205.91
2018-09-09 09:00:00,6207.24
2018-09-09 08:00:00,6185
2018-09-09 07:00:00,6195
2018-09-09 06:00:00,6205
2018-09-09 05:00:00,6184.17
2018-09-09 04:00:00,6184.43
2018-09-09 03:00:00,6205.74
2018-09-09 02:00:00,6216.96
2018-09-09 01:00:00,6400.01
2018-09-09 00:00:00,6434.9
2018-09-08 23:00:00,6431.85
2018-09-08 22:00:00,6413.82
2018-09-08 21:00:00,6420.62
2018-09-08 20:00:00,6433
2018-09-08 19:00:00,6462.55
2018-09-08 18:00:00,6470.14
2018-09-08 17:00:00,6480
2018-09-08 16:00:00,6474.65
2018-09-08 15:00:00,6452.86
2018-09-08 14:00:00,6465.83
2018-09-08 13:00:00,6448.58
2018-09-08 12:00:00,6439.58
2018-09-08 11:00:00,6459.23
2018-09-08 10:00:00,6470
2018-09-08 09:00:00,6442.34
2018-09-08 08:00:00,6449.53
2018-09-08 07:00:00,6421.38
2018-09-08 06:00:00,6428.31
2018-09-08 05:00:00,6456.34
2018-09-08 04:00:00,6457.49
2018-09-08 03:00:00,6436.63
2018-09-08 02:00:00,6437.9
2018-09-08 01:00:00,6450.98
2018-09-08 00:00:00,6480.06
2018-09-07 23:00:00,6444.11
2018-09-07 22:00:00,6479.76
2018-09-07 21:00:00,6450
2018-09-07 20:00:00,6446.47
2018-09-07 19:00:00,6388
2018-09-07 18:00:00,6455
2018-09-07 17:00:00,6463.41
2018-09-07 16:00:00,6485.33
2018-09-07 15:00:00,6490.12
2018-09-07 14:00:00,6534.15
2018-09-07 13:00:00,6513.09
2018-09-07 12:00:00,6497
2018-09-07 11:00:00,6511.87
2018-09-07 10:00:00,6539.46
2018-09-07 09:00:00,6527.5
2018-09-07 08:00:00,6515.64
2018-09-07 07:00:00,6538
2018-09-07 06:00:00,6473.06
2018-09-07 05:00:00,6469
2018-09-07 04:00:00,6471.63
2018-09-07 03:00:00,6480.86
2018-09-07 02:00:00,6454.13
2018-09-07 01:00:00,6445.11
2018-09-07 00:00:00,6458.34
2018-09-06 23:00:00,6476
2018-09-06 22:00:00,6529.8
2018-09-06 21:00:00,6512.14
2018-09-06 20:00:00,6415
2018-09-06 19:00:00,6425
2018-09-06 18:00:00,6415
2018-09-06 17:00:00,6435
2018-09-06 16:00:00,6454.58
2018-09-06 15:00:00,6440
2018-09-06 14:00:00,6447.84
2018-09-06 13:00:00,6449
2018-09-06 12:00:00,6466
2018-09-06 11:00:00,6472.32
2018-09-06 10:00:00,6506.76
2018-09-06 09:00:00,6480
2018-09-06 08:00:00,6727.7
2018-09-06 07:00:00,6927.97
2018-09-06 06:00:00,6940.11
2018-09-06 05:00:00,6986.72
2018-09-06 04:00:00,6962.82
2018-09-06 03:00:00,6935.99
2018-09-06 02:00:00,6944.89
2018-09-06 01:00:00,6936.05
2018-09-06 00:00:00,7000
2018-09-05 23:00:00,7018.1
2018-09-05 22:00:00,7044.16
2018-09-05 21:00:00,7045.1
2018-09-05 20:00:00,7029.41
2018-09-05 19:00:00,7035.54
2018-09-05 18:00:00,7180
2018-09-05 17:00:00,7400
2018-09-05 16:00:00,7394.77
2018-09-05 15:00:00,7380
2018-09-05 14:00:00,7391.15
2018-09-05 13:00:00,7389.15
2018-09-05 12:00:00,7384.42
2018-09-05 11:00:00,7384.4
2018-09-05 10:00:00,7392.77
2018-09-05 09:00:00,7400
2018-09-05 08:00:00,7381.42
2018-09-05 07:00:00,7364.85
2018-09-05 06:00:00,7366.42
2018-09-05 05:00:00,7381.4
2018-09-05 04:00:00,7373.15
2018-09-05 03:00:00,7378.98
2018-09-05 02:00:00,7418
2018-09-05 01:00:00,7393.06
2018-09-05 00:00:00,7383.98
2018-09-04 23:00:00,7385.85
2018-09-04 22:00:00,7400
2018-09-04 21:00:00,7390.37
2018-09-04 20:00:00,7402.83
2018-09-04 19:00:00,7356.07
2018-09-04 18:00:00,7328.01
2018-09-04 17:00:00,7306.4
2018-09-04 16:00:00,7330
2018-09-04 15:00:00,7325
2018-09-04 14:00:00,7308.89
2018-09-04 13:00:00,7275.22
2018-09-04 12:00:00,7276.97
2018-09-04 11:00:00,7284.25
2018-09-04 10:00:00,7296.41
2018-09-04 09:00:00,7300
2018-09-04 08:00:00,7275
2018-09-04 07:00:00,7276.06
2018-09-04 06:00:00,7336.2
2018-09-04 05:00:00,7320
2018-09-04 04:00:00,7321.06
2018-09-04 03:00:00,7334.02
2018-09-04 02:00:00,7286.36
2018-09-04 01:00:00,7298
2018-09-04 00:00:00,7290.5
2018-09-03 23:00:00,7296.91
2018-09-03 22:00:00,7294.44
2018-09-03 21:00:00,7300
2018-09-03 20:00:00,7262.54
2018-09-03 19:00:00,7237.29
2018-09-03 18:00:00,7242
2018-09-03 17:00:00,7249.53
2018-09-03 16:00:00,7270
2018-09-03 15:00:00,7256.5
2018-09-03 14:00:00,7258.11
2018-09-03 13:00:00,7228.61
2018-09-03 12:00:00,7266.55
2018-09-03 11:00:00,7290.27
2018-09-03 10:00:00,7282
2018-09-03 09:00:00,7283.3
2018-09-03 08:00:00,7326.64
2018-09-03 07:00:00,7314.39
2018-09-03 06:00:00,7300.32
2018-09-03 05:00:00,7306.93
2018-09-03 04:00:00,7313.77
2018-09-03 03:00:00,7331.43
2018-09-03 02:00:00,7319.77
2018-09-03 01:00:00,7315.36
2018-09-03 00:00:00,7284.46
2018-09-02 23:00:00,7245
2018-09-02 22:00:00,7233.65
2018-09-02 21:00:00,7259.61
2018-09-02 20:00:00,7269.67
2018-09-02 19:00:00,7289.95
2018-09-02 18:00:00,7331.98
2018-09-02 17:00:00,7341.82
2018-09-02 16:00:00,7302.99
2018-09-02 15:00:00,7253.07
2018-09-02 14:00:00,7243
2018-09-02 13:00:00,7244.01
2018-09-02 12:00:00,7230
2018-09-02 11:00:00,7200
2018-09-02 10:00:00,7174.89
2018-09-02 09:00:00,7168
2018-09-02 08:00:00,7206.85
2018-09-02 07:00:00,7211.65
2018-09-02 06:00:00,7215.86
2018-09-02 05:00:00,7215
2018-09-02 04:00:00,7260.96
2018-09-02 03:00:00,7274.76
2018-09-02 02:00:00,7206.86
2018-09-02 01:00:00,7209.52
2018-09-02 00:00:00,7214.81
2018-09-01 23:00:00,7211
2018-09-01 22:00:00,7131.88
2018-09-01 21:00:00,7059
2018-09-01 20:00:00,7068.12
2018-09-01 19:00:00,7112.82
2018-09-01 18:00:00,7098.9
2018-09-01 17:00:00,7084.13
2018-09-01 16:00:00,7065.14
2018-09-01 15:00:00,7066.21
2018-09-01 14:00:00,7055.35
2018-09-01 13:00:00,7061.91
2018-09-01 12:00:00,7073
2018-09-01 11:00:00,7074
2018-09-01 10:00:00,7066
2018-09-01 09:00:00,7069.11
2018-09-01 08:00:00,7054.77
2018-09-01 07:00:00,7054.41
2018-09-01 06:00:00,7039.05
2018-09-01 05:00:00,7049.42
2018-09-01 04:00:00,7062.88
2018-09-01 03:00:00,7056.64
2018-09-01 02:00:00,7089.34
2018-09-01 01:00:00,7076.92
2018-09-01 00:00:00,6997.39
2018-08-31 23:00:00,6997.4
2018-08-31 22:00:00,6941.23
2018-08-31 21:00:00,6936.6
2018-08-31 20:00:00,6971
2018-08-31 19:00:00,6990.3
2018-08-31 18:00:00,6971.7
2018-08-31 17:00:00,6969.99
2018-08-31 16:00:00,6980
2018-08-31 15:00:00,7007.01
2018-08-31 14:00:00,7004.18
2018-08-31 13:00:00,7017
2018-08-31 12:00:00,7018
2018-08-31 11:00:00,6975.3
2018-08-31 10:00:00,6964.74
2018-08-31 09:00:00,6960.64
2018-08-31 08:00:00,6990.52
2018-08-31 07:00:00,6998
2018-08-31 06:00:00,6955
2018-08-31 05:00:00,6956.89
2018-08-31 04:00:00,6943.15
2018-08-31 03:00:00,6841.63
2018-08-31 02:00:00,6869.98
2018-08-31 01:00:00,6880
2018-08-31 00:00:00,6878.85
2018-08-30 23:00:00,6896.07
2018-08-30 22:00:00,6897.2
2018-08-30 21:00:00,6868
2018-08-30 20:00:00,6907.36
2018-08-30 19:00:00,6937.06
2018-08-30 18:00:00,6935.17
2018-08-30 17:00:00,6962.21
2018-08-30 16:00:00,6985.47
2018-08-30 15:00:00,7006.35
2018-08-30 14:00:00,6999
2018-08-30 13:00:00,7021.68
2018-08-30 12:00:00,7026.01
2018-08-30 11:00:00,7026
2018-08-30 10:00:00,7054.45
2018-08-30 09:00:00,7052.94
2018-08-30 08:00:00,7064.1
2018-08-30 07:00:00,7062.01
2018-08-30 06:00:00,7064.07
2018-08-30 05:00:00,7076.07
2018-08-30 04:00:00,7057.45
2018-08-30 03:00:00,7022.1
2018-08-30 02:00:00,7024.25
2018-08-30 01:00:00,7028.28
2018-08-30 00:00:00,7007.34
2018-08-29 23:00:00,7080
2018-08-29 22:00:00,7108.2
2018-08-29 21:00:00,7135
2018-08-29 20:00:00,7118.4
2018-08-29 19:00:00,7096
2018-08-29 18:00:00,7128
2018-08-29 17:00:00,7114
2018-08-29 16:00:00,7090
2018-08-29 15:00:00,7072.66
2018-08-29 14:00:00,7076.97
2018-08-29 13:00:00,7061.87
2018-08-29 12:00:00,7064.13
2018-08-29 11:00:00,7046.67
2018-08-29 10:00:00,7074.32
2018-08-29 09:00:00,7087.35
2018-08-29 08:00:00,7090.63
2018-08-29 07:00:00,7121.47
2018-08-29 06:00:00,7092.58
2018-08-29 05:00:00,7112.63
2018-08-29 04:00:00,7127
2018-08-29 03:00:00,7115
2018-08-29 02:00:00,7078
2018-08-29 01:00:00,7062.23
2018-08-29 00:00:00,7059.97
2018-08-28 23:00:00,7069.14
2018-08-28 22:00:00,7092
2018-08-28 21:00:00,7092.6
2018-08-28 20:00:00,7049.52
2018-08-28 19:00:00,7046.99
2018-08-28 18:00:00,6933.29
2018-08-28 17:00:00,6930
2018-08-28 16:00:00,6935
2018-08-28 15:00:00,6947.15
2018-08-28 14:00:00,6930.11
2018-08-28 13:00:00,6914.96
2018-08-28 12:00:00,6912
2018-08-28 11:00:00,6907.51
2018-08-28 10:00:00,6921.06
2018-08-28 09:00:00,6944.75
2018-08-28 08:00:00,6915
2018-08-28 07:00:00,6948.81
2018-08-28 06:00:00,6765.99
2018-08-28 05:00:00,6737.91
2018-08-28 04:00:00,6746.45
2018-08-28 03:00:00,6749.47
2018-08-28 02:00:00,6748.28
2018-08-28 01:00:00,6750.16
2018-08-28 00:00:00,6753.58
2018-08-27 23:00:00,6753.65
2018-08-27 22:00:00,6760
2018-08-27 21:00:00,6720.48
2018-08-27 20:00:00,6769.94
2018-08-27 19:00:00,6725.45
2018-08-27 18:00:00,6713.4
2018-08-27 17:00:00,6707.01
2018-08-27 16:00:00,6719.9
2018-08-27 15:00:00,6731.66
2018-08-27 14:00:00,6733.41
2018-08-27 13:00:00,6737.32
2018-08-27 12:00:00,6721.17
2018-08-27 11:00:00,6677.43
2018-08-27 10:00:00,6683.68
2018-08-27 09:00:00,6707.02
2018-08-27 08:00:00,6712.91
2018-08-27 07:00:00,6720
2018-08-27 06:00:00,6690.08
2018-08-27 05:00:00,6693.57
2018-08-27 04:00:00,6711.94
2018-08-27 03:00:00,6712.31
2018-08-27 02:00:00,6703.11
2018-08-27 01:00:00,6676.1
2018-08-27 00:00:00,6704.26
2018-08-26 23:00:00,6707.61
2018-08-26 22:00:00,6738.83
2018-08-26 21:00:00,6732
2018-08-26 20:00:00,6707.81
2018-08-26 19:00:00,6713.96
2018-08-26 18:00:00,6673.05
2018-08-26 17:00:00,6672
2018-08-26 16:00:00,6651.83
2018-08-26 15:00:00,6650
2018-08-26 14:00:00,6614.14
2018-08-26 13:00:00,6620
2018-08-26 12:00:00,6635.04
2018-08-26 11:00:00,6645.47
2018-08-26 10:00:00,6732.98
2018-08-26 09:00:00,6756.23
2018-08-26 08:00:00,6777.15
2018-08-26 07:00:00,6769.55
2018-08-26 06:00:00,6726.98
2018-08-26 05:00:00,6719.24
2018-08-26 04:00:00,6729
2018-08-26 03:00:00,6717.18
2018-08-26 02:00:00,6725.54
2018-08-26 01:00:00,6733.05
2018-08-26 00:00:00,6739.94
2018-08-25 23:00:00,6750
2018-08-25 22:00:00,6741.9
2018-08-25 21:00:00,6705
2018-08-25 20:00:00,6715.73
2018-08-25 19:00:00,6720.68
2018-08-25 18:00:00,6709.21
2018-08-25 17:00:00,6723
2018-08-25 16:00:00,6716.85
2018-08-25 15:00:00,6686.66
2018-08-25 14:00:00,6723.5
2018-08-25 13:00:00,6747.14
2018-08-25 12:00:00,6737.25
2018-08-25 11:00:00,6770.33
2018-08-25 10:00:00,6781.02
2018-08-25 09:00:00,6735.9
2018-08-25 08:00:00,6746
2018-08-25 07:00:00,6719
2018-08-25 06:00:00,6717.73
2018-08-25 05:00:00,6698.82
2018-08-25 04:00:00,6637.3
2018-08-25 03:00:00,6637.1
2018-08-25 02:00:00,6643.33
2018-08-25 01:00:00,6610.88
2018-08-25 00:00:00,6555
2018-08-24 23:00:00,6512.59
2018-08-24 22:00:00,6547.53
2018-08-24 21:00:00,6556
2018-08-24 20:00:00,6553.01
2018-08-24 19:00:00,6571.83
2018-08-24 18:00:00,6555
2018-08-24 17:00:00,6540
2018-08-24 16:00:00,6533.66
2018-08-24 15:00:00,6550.9
2018-08-24 14:00:00,6526.46
2018-08-24 13:00:00,6522.4
2018-08-24 12:00:00,6508.03
2018-08-24 11:00:00,6513.48
2018-08-24 10:00:00,6525.03
2018-08-24 09:00:00,6498.8
2018-08-24 08:00:00,6536.45
2018-08-24 07:00:00,6531.98
2018-08-24 06:00:00,6559.99
2018-08-24 05:00:00,6480
2018-08-24 04:00:00,6421.75
2018-08-24 03:00:00,6449.98
2018-08-24 02:00:00,6463.66
2018-08-24 01:00:00,6475.6
2018-08-24 00:00:00,6483.9
2018-08-23 23:00:00,6451.24
2018-08-23 22:00:00,6480
2018-08-23 21:00:00,6439.51
2018-08-23 20:00:00,6443
2018-08-23 19:00:00,6429.35
2018-08-23 18:00:00,6432.98
2018-08-23 17:00:00,6434.68
2018-08-23 16:00:00,6444
2018-08-23 15:00:00,6443.95
2018-08-23 14:00:00,6441.5
2018-08-23 13:00:00,6448
2018-08-23 12:00:00,6408.19
2018-08-23 11:00:00,6420.34
2018-08-23 10:00:00,6440.5
2018-08-23 09:00:00,6438
2018-08-23 08:00:00,6432.94
2018-08-23 07:00:00,6401.77
2018-08-23 06:00:00,6463.37
2018-08-23 05:00:00,6383.11
2018-08-23 04:00:00,6436.29
2018-08-23 03:00:00,6440
2018-08-23 02:00:00,6449.87
2018-08-23 01:00:00,6452
2018-08-23 00:00:00,6486.26
2018-08-22 23:00:00,6660
2018-08-22 22:00:00,6665.76
2018-08-22 21:00:00,6675.35
2018-08-22 20:00:00,6686.88
2018-08-22 19:00:00,6671.9
2018-08-22 18:00:00,6676.67
2018-08-22 17:00:00,6699.69
2018-08-22 16:00:00,6686.04
2018-08-22 15:00:00,6693.92
2018-08-22 14:00:00,6693.63
2018-08-22 13:00:00,6720
2018-08-22 12:00:00,6750
2018-08-22 11:00:00,6731.6
2018-08-22 10:00:00,6868.86
2018-08-22 09:00:00,6888.88
2018-08-22 08:00:00,6481.89
2018-08-22 07:00:00,6490.01
2018-08-22 06:00:00,6472.19
2018-08-22 05:00:00,6495
2018-08-22 04:00:00,6454.43
2018-08-22 03:00:00,6456.26
2018-08-22 02:00:00,6449
2018-08-22 01:00:00,6455.19
2018-08-22 00:00:00,6455.19
2018-08-21 23:00:00,6420.26
2018-08-21 22:00:00,6424.43
2018-08-21 21:00:00,6432.37
2018-08-21 20:00:00,6439.81
2018-08-21 19:00:00,6451.28
2018-08-21 18:00:00,6452.43
2018-08-21 17:00:00,6484.42
2018-08-21 16:00:00,6478.23
2018-08-21 15:00:00,6444.03
2018-08-21 14:00:00,6395
2018-08-21 13:00:00,6323.43
2018-08-21 12:00:00,6309.62
2018-08-21 11:00:00,6318.43
2018-08-21 10:00:00,6318.53
2018-08-21 09:00:00,6338.07
2018-08-21 08:00:00,6315.61
2018-08-21 07:00:00,6299.44
2018-08-21 06:00:00,6424.53
2018-08-21 05:00:00,6457.67
2018-08-21 04:00:00,6466.18
2018-08-21 03:00:00,6475.42
2018-08-21 02:00:00,6476.93
2018-08-21 01:00:00,6484.89
2018-08-21 00:00:00,6519
2018-08-20 23:00:00,6465
2018-08-20 22:00:00,6460.67
2018-08-20 21:00:00,6450
2018-08-20 20:00:00,6477.6
2018-08-20 19:00:00,6454.99
2018-08-20 18:00:00,6419.99
2018-08-20 17:00:00,6438.95
2018-08-20 16:00:00,6459.9
2018-08-20 15:00:00,6460.1
2018-08-20 14:00:00,6476.49
2018-08-20 13:00:00,6468.39
2018-08-20 12:00:00,6485
2018-08-20 11:00:00,6497.77
2018-08-20 10:00:00,6523.66
2018-08-20 09:00:00,6518
2018-08-20 08:00:00,6510.27
2018-08-20 07:00:00,6518.37
2018-08-20 06:00:00,6530
2018-08-20 05:00:00,6540
2018-08-20 04:00:00,6526
2018-08-20 03:00:00,6385.2
2018-08-20 02:00:00,6375.43
2018-08-20 01:00:00,6394.82
2018-08-20 00:00:00,6412.58
2018-08-19 23:00:00,6432.89
2018-08-19 22:00:00,6470.05
2018-08-19 21:00:00,6461
2018-08-19 20:00:00,6432.08
2018-08-19 19:00:00,6449.39
2018-08-19 18:00:00,6382
2018-08-19 17:00:00,6390
2018-08-19 16:00:00,6372.64
2018-08-19 15:00:00,6376.49
2018-08-19 14:00:00,6399.99
2018-08-19 13:00:00,6394.89
2018-08-19 12:00:00,6370
2018-08-19 11:00:00,6359.9
2018-08-19 10:00:00,6368.35
2018-08-19 09:00:00,6388.66
2018-08-19 08:00:00,6391.19
2018-08-19 07:00:00,6424.89
2018-08-19 06:00:00,6432.89
2018-08-19 05:00:00,6398
2018-08-19 04:00:00,6368
2018-08-19 03:00:00,6370.89
2018-08-19 02:00:00,6374.4
2018-08-19 01:00:00,6347.5
2018-08-19 00:00:00,6358.77
2018-08-18 23:00:00,6360
2018-08-18 22:00:00,6386.6
2018-08-18 21:00:00,6475.2
2018-08-18 20:00:00,6515
2018-08-18 19:00:00,6528
2018-08-18 18:00:00,6514.64
2018-08-18 17:00:00,6512
2018-08-18 16:00:00,6500
2018-08-18 15:00:00,6490.89
2018-08-18 14:00:00,6527.5
2018-08-18 13:00:00,6522.34
2018-08-18 12:00:00,6543.43
2018-08-18 11:00:00,6526.89
2018-08-18 10:00:00,6555.82
2018-08-18 09:00:00,6617
2018-08-18 08:00:00,6611.5
2018-08-18 07:00:00,6582.89
2018-08-18 06:00:00,6576
2018-08-18 05:00:00,6522.3
2018-08-18 04:00:00,6493.34
2018-08-18 03:00:00,6512.55
2018-08-18 02:00:00,6516.89
2018-08-18 01:00:00,6556.45
2018-08-18 00:00:00,6538
2018-08-17 23:00:00,6509
2018-08-17 22:00:00,6490
2018-08-17 21:00:00,6518.89
2018-08-17 20:00:00,6488.43
2018-08-17 19:00:00,6479
2018-08-17 18:00:00,6548
2018-08-17 17:00:00,6500.17
2018-08-17 16:00:00,6492.27
2018-08-17 15:00:00,6515.5
2018-08-17 14:00:00,6496.02
2018-08-17 13:00:00,6485
2018-08-17 12:00:00,6518.43
2018-08-17 11:00:00,6437.5
2018-08-17 10:00:00,6443.58
2018-08-17 09:00:00,6375
2018-08-17 08:00:00,6350
2018-08-17 07:00:00,6321.17
2018-08-17 06:00:00,6303.22
2018-08-17 05:00:00,6299.27
2018-08-17 04:00:00,6415.26
2018-08-17 03:00:00,6435.95
2018-08-17 02:00:00,6419
2018-08-17 01:00:00,6459.98
2018-08-17 00:00:00,6421.95
2018-08-16 23:00:00,6419.92
2018-08-16 22:00:00,6362.66
2018-08-16 21:00:00,6347.39
2018-08-16 20:00:00,6468
2018-08-16 19:00:00,6446.14
2018-08-16 18:00:00,6467.5
2018-08-16 17:00:00,6415
2018-08-16 16:00:00,6420
2018-08-16 15:00:00,6418.18
2018-08-16 14:00:00,6302.65
2018-08-16 13:00:00,6314
2018-08-16 12:00:00,6320
2018-08-16 11:00:00,6336.46
2018-08-16 10:00:00,6299
2018-08-16 09:00:00,6302.41
2018-08-16 08:00:00,6322.61
2018-08-16 07:00:00,6345.57
2018-08-16 06:00:00,6440
2018-08-16 05:00:00,6429.99
2018-08-16 04:00:00,6397
2018-08-16 03:00:00,6530.95
2018-08-16 02:00:00,6579.99
2018-08-16 01:00:00,6584.31
2018-08-16 00:00:00,6586.72
2018-08-15 23:00:00,6470
2018-08-15 22:00:00,6410
2018-08-15 21:00:00,6400
2018-08-15 20:00:00,6400
2018-08-15 19:00:00,6350
2018-08-15 18:00:00,6388
2018-08-15 17:00:00,6431.96
2018-08-15 16:00:00,6447.38
2018-08-15 15:00:00,6406.93
2018-08-15 14:00:00,6315
2018-08-15 13:00:00,6334.92
2018-08-15 12:00:00,6352
2018-08-15 11:00:00,6300
2018-08-15 10:00:00,6284
2018-08-15 09:00:00,6229.47
2018-08-15 08:00:00,6258.58
2018-08-15 07:00:00,6220
2018-08-15 06:00:00,6165.42
2018-08-15 05:00:00,6120
2018-08-15 04:00:00,6095.61
2018-08-15 03:00:00,6117
2018-08-15 02:00:00,6052.73
2018-08-15 01:00:00,6079.42
2018-08-15 00:00:00,6041
2018-08-14 23:00:00,6056.23
2018-08-14 22:00:00,6126.83
2018-08-14 21:00:00,6160
2018-08-14 20:00:00,6150
2018-08-14 19:00:00,6020
2018-08-14 18:00:00,6069.6
2018-08-14 17:00:00,6055
2018-08-14 16:00:00,6035.32
2018-08-14 15:00:00,6065.42
2018-08-14 14:00:00,5971.42
2018-08-14 13:00:00,5993
2018-08-14 12:00:00,6020.98
2018-08-14 11:00:00,5983.59
2018-08-14 10:00:00,6025.41
2018-08-14 09:00:00,6228
2018-08-14 08:00:00,6249.99
2018-08-14 07:00:00,6285.83
2018-08-14 06:00:00,6274.22
2018-08-14 05:00:00,6283.95
2018-08-14 04:00:00,6293.18
2018-08-14 03:00:00,6256.2
2018-08-14 02:00:00,6253.11
2018-08-14 01:00:00,6283
2018-08-14 00:00:00,6328.77
2018-08-13 23:00:00,6368.67
2018-08-13 22:00:00,6423.75
2018-08-13 21:00:00,6448
2018-08-13 20:00:00,6458.35
2018-08-13 19:00:00,6465.44
2018-08-13 18:00:00,6465.24
2018-08-13 17:00:00,6497.33
2018-08-13 16:00:00,6533.39
2018-08-13 15:00:00,6438.28
2018-08-13 14:00:00,6444.44
2018-08-13 13:00:00,6355.03
2018-08-13 12:00:00,6387
2018-08-13 11:00:00,6364.53
2018-08-13 10:00:00,6326.73
2018-08-13 09:00:00,6400
2018-08-13 08:00:00,6341.11
2018-08-13 07:00:00,6344.91
2018-08-13 06:00:00,6397.98
2018-08-13 05:00:00,6366.64
2018-08-13 04:00:00,6345.42
2018-08-13 03:00:00,6450
2018-08-13 02:00:00,6320.01
2018-08-13 01:00:00,6350
2018-08-13 00:00:00,6349.82
2018-08-12 23:00:00,6367.78
2018-08-12 22:00:00,6333.15
2018-08-12 21:00:00,6274.99
2018-08-12 20:00:00,6362.77
2018-08-12 19:00:00,6370
2018-08-12 18:00:00,6348.99
2018-08-12 17:00:00,6340.64
2018-08-12 16:00:00,6319.97
2018-08-12 15:00:00,6345
2018-08-12 14:00:00,6351.99
2018-08-12 13:00:00,6382
2018-08-12 12:00:00,6272.62
2018-08-12 11:00:00,6292
2018-08-12 10:00:00,6287.55
2018-08-12 09:00:00,6272
2018-08-12 08:00:00,6300.04
2018-08-12 07:00:00,6404.28
2018-08-12 06:00:00,6400
2018-08-12 05:00:00,6409.66
2018-08-12 04:00:00,6412
2018-08-12 03:00:00,6393.3
2018-08-12 02:00:00,6457.49
2018-08-12 01:00:00,6474.29
2018-08-12 00:00:00,6155
2018-08-11 23:00:00,6128.28
2018-08-11 22:00:00,6150
2018-08-11 21:00:00,6127
2018-08-11 20:00:00,6155
2018-08-11 19:00:00,6122
2018-08-11 18:00:00,6166.37
2018-08-11 17:00:00,6113.56
2018-08-11 16:00:00,6140
2018-08-11 15:00:00,6112
2018-08-11 14:00:00,6114.93
2018-08-11 13:00:00,6135
2018-08-11 12:00:00,6150
2018-08-11 11:00:00,6140.02
2018-08-11 10:00:00,6150
2018-08-11 09:00:00,6120
2018-08-11 08:00:00,6170
2018-08-11 07:00:00,6184.77
2018-08-11 06:00:00,6146.31
2018-08-11 05:00:00,6196.02
2018-08-11 04:00:00,6398.09
2018-08-11 03:00:00,6402.78
2018-08-11 02:00:00,6424.55
2018-08-11 01:00:00,6440.15
2018-08-11 00:00:00,6460.51
2018-08-10 23:00:00,6475
2018-08-10 22:00:00,6485.11
2018-08-10 21:00:00,6510.23
2018-08-10 20:00:00,6515.95
2018-08-10 19:00:00,6387.4
2018-08-10 18:00:00,6385.01
2018-08-10 17:00:00,6415.02
2018-08-10 16:00:00,6462.15
2018-08-10 15:00:00,6473.7
2018-08-10 14:00:00,6466.51
2018-08-10 13:00:00,6432.51
2018-08-10 12:00:00,6451.97
2018-08-10 11:00:00,6482
2018-08-10 10:00:00,6520
2018-08-10 09:00:00,6556.44
2018-08-10 08:00:00,6571.38
2018-08-10 07:00:00,6598.54
2018-08-10 06:00:00,6613.64
2018-08-10 05:00:00,6616
2018-08-10 04:00:00,6508
2018-08-10 03:00:00,6508
2018-08-10 02:00:00,6476.49
2018-08-10 01:00:00,6479.97
2018-08-10 00:00:00,6478.62
2018-08-09 23:00:00,6544.54
2018-08-09 22:00:00,6522.56
2018-08-09 21:00:00,6450
2018-08-09 20:00:00,6310
2018-08-09 19:00:00,6336
2018-08-09 18:00:00,6348.88
2018-08-09 17:00:00,6338.73
2018-08-09 16:00:00,6326.15
2018-08-09 15:00:00,6356
2018-08-09 14:00:00,6365.67
2018-08-09 13:00:00,6376.53
2018-08-09 12:00:00,6348
2018-08-09 11:00:00,6317.3
2018-08-09 10:00:00,6329.63
2018-08-09 09:00:00,6325.26
2018-08-09 08:00:00,6325.77
2018-08-09 07:00:00,6282.88
2018-08-09 06:00:00,6316.88
2018-08-09 05:00:00,6329.73
2018-08-09 04:00:00,6336.07
2018-08-09 03:00:00,6420
2018-08-09 02:00:00,6278
2018-08-09 01:00:00,6299
2018-08-09 00:00:00,6490
2018-08-08 23:00:00,6500
2018-08-08 22:00:00,6495.74
2018-08-08 21:00:00,6505
2018-08-08 20:00:00,6512.72
2018-08-08 19:00:00,6530
2018-08-08 18:00:00,6494.72
2018-08-08 17:00:00,6522.72
2018-08-08 16:00:00,6520.72
2018-08-08 15:00:00,6552
2018-08-08 14:00:00,6559.41
2018-08-08 13:00:00,6555.8
2018-08-08 12:00:00,6592.56
2018-08-08 11:00:00,6629.66
2018-08-08 10:00:00,6628.12
2018-08-08 09:00:00,6647.48
2018-08-08 08:00:00,6760
2018-08-08 07:00:00,6751.96
2018-08-08 06:00:00,6794.08
2018-08-08 05:00:00,6874.53
2018-08-08 04:00:00,7021.42
2018-08-08 03:00:00,7110.01
2018-08-08 02:00:00,7117.25
2018-08-08 01:00:00,7133.14
2018-08-08 00:00:00,7140.01
2018-08-07 23:00:00,7123
2018-08-07 22:00:00,7091.86
2018-08-07 21:00:00,7145
2018-08-07 20:00:00,7125
2018-08-07 19:00:00,7118.49
2018-08-07 18:00:00,7060.31
2018-08-07 17:00:00,7076.34
2018-08-07 16:00:00,7054
2018-08-07 15:00:00,7079.99
2018-08-07 14:00:00,6953.97
2018-08-07 13:00:00,6965
2018-08-07 12:00:00,6966.4
2018-08-07 11:00:00,6963.61
2018-08-07 10:00:00,6965.86
2018-08-07 09:00:00,6974.84
2018-08-07 08:00:00,6990
2018-08-07 07:00:00,6951.14
2018-08-07 06:00:00,6887.17
2018-08-07 05:00:00,6921.01
2018-08-07 04:00:00,6948.08
2018-08-07 03:00:00,6939.85
2018-08-07 02:00:00,6930.98
2018-08-07 01:00:00,6935
2018-08-07 00:00:00,6979.1
2018-08-06 23:00:00,6985.85
2018-08-06 22:00:00,6957.99
2018-08-06 21:00:00,6961.99
2018-08-06 20:00:00,6981.99
2018-08-06 19:00:00,6986.6
2018-08-06 18:00:00,6988.04
2018-08-06 17:00:00,6995.68
2018-08-06 16:00:00,7016.7
2018-08-06 15:00:00,7091.02
2018-08-06 14:00:00,7110
2018-08-06 13:00:00,7097.04
2018-08-06 12:00:00,7125.07
2018-08-06 11:00:00,7137.49
2018-08-06 10:00:00,7145
2018-08-06 09:00:00,7150
2018-08-06 08:00:00,7070.82
2018-08-06 07:00:00,7048
2018-08-06 06:00:00,7052.1
2018-08-06 05:00:00,7076.64
2018-08-06 04:00:00,7076.66
2018-08-06 03:00:00,7044.07
2018-08-06 02:00:00,7015
2018-08-06 01:00:00,7010.22
2018-08-06 00:00:00,7035
2018-08-05 23:00:00,7046
2018-08-05 22:00:00,6979.45
2018-08-05 21:00:00,7043.01
2018-08-05 20:00:00,7067.04
2018-08-05 19:00:00,7048.78
2018-08-05 18:00:00,7088
2018-08-05 17:00:00,7081.83
2018-08-05 16:00:00,7011.61
2018-08-05 15:00:00,6982.35
2018-08-05 14:00:00,6985.04
2018-08-05 13:00:00,7000
2018-08-05 12:00:00,7018
2018-08-05 11:00:00,7013.56
2018-08-05 10:00:00,6963.09
2018-08-05 09:00:00,6985.1
2018-08-05 08:00:00,7027.98
2018-08-05 07:00:00,7050
2018-08-05 06:00:00,7030
2018-08-05 05:00:00,7039.98
2018-08-05 04:00:00,7005.76
2018-08-05 03:00:00,7006.66
2018-08-05 02:00:00,7018
2018-08-05 01:00:00,7015.29
2018-08-05 00:00:00,7030
2018-08-04 23:00:00,7100.01
2018-08-04 22:00:00,7260.1
2018-08-04 21:00:00,7285.76
2018-08-04 20:00:00,7402.49
2018-08-04 19:00:00,7413.88
2018-08-04 18:00:00,7462.52
2018-08-04 17:00:00,7465.07
2018-08-04 16:00:00,7486.56
2018-08-04 15:00:00,7459.14
2018-08-04 14:00:00,7449.8
2018-08-04 13:00:00,7468.26
2018-08-04 12:00:00,7466.56
2018-08-04 11:00:00,7480.01
2018-08-04 10:00:00,7503.31
2018-08-04 09:00:00,7501.5
2018-08-04 08:00:00,7483.1
2018-08-04 07:00:00,7430
2018-08-04 06:00:00,7434.56
2018-08-04 05:00:00,7448.21
2018-08-04 04:00:00,7408.56
2018-08-04 03:00:00,7474.25
2018-08-04 02:00:00,7530
2018-08-04 01:00:00,7534.65
2018-08-04 00:00:00,7481
2018-08-03 23:00:00,7479.96
2018-08-03 22:00:00,7490
2018-08-03 21:00:00,7438.56
2018-08-03 20:00:00,7400.21
2018-08-03 19:00:00,7371.61
2018-08-03 18:00:00,7372.56
2018-08-03 17:00:00,7371.47
2018-08-03 16:00:00,7420.87
2018-08-03 15:00:00,7398
2018-08-03 14:00:00,7371.07
2018-08-03 13:00:00,7359
2018-08-03 12:00:00,7358.95
2018-08-03 11:00:00,7356.01
2018-08-03 10:00:00,7358
2018-08-03 09:00:00,7409.79
2018-08-03 08:00:00,7528.2
2018-08-03 07:00:00,7569.68
2018-08-03 06:00:00,7566.7
2018-08-03 05:00:00,7565.5
2018-08-03 04:00:00,7570
2018-08-03 03:00:00,7558.77
2018-08-03 02:00:00,7523.23
2018-08-03 01:00:00,7573.18
2018-08-03 00:00:00,7589.7
2018-08-02 23:00:00,7557.26
2018-08-02 22:00:00,7559.3
2018-08-02 21:00:00,7549.25
2018-08-02 20:00:00,7565.65
2018-08-02 19:00:00,7583.08
2018-08-02 18:00:00,7612.61
2018-08-02 17:00:00,7650
2018-08-02 16:00:00,7665.06
2018-08-02 15:00:00,7690
2018-08-02 14:00:00,7655.69
2018-08-02 13:00:00,7650
2018-08-02 12:00:00,7643.33
2018-08-02 11:00:00,7674.13
2018-08-02 10:00:00,7690
2018-08-02 09:00:00,7698.92
2018-08-02 08:00:00,7673.91
2018-08-02 07:00:00,7625.95
2018-08-02 06:00:00,7630
2018-08-02 05:00:00,7520.96
2018-08-02 04:00:00,7563.91
2018-08-02 03:00:00,7577.91
2018-08-02 02:00:00,7559.91
2018-08-02 01:00:00,7585
2018-08-02 00:00:00,7613.46
2018-08-01 23:00:00,7612
2018-08-01 22:00:00,7634.32
2018-08-01 21:00:00,7628.57
2018-08-01 20:00:00,7599.6
2018-08-01 19:00:00,7573.75
2018-08-01 18:00:00,7597.9
2018-08-01 17:00:00,7632
2018-08-01 16:00:00,7659.61
2018-08-01 15:00:00,7572
2018-08-01 14:00:00,7580
2018-08-01 13:00:00,7548.08
2018-08-01 12:00:00,7592
2018-08-01 11:00:00,7556
2018-08-01 10:00:00,7569.39
2018-08-01 09:00:00,7684.6
2018-08-01 08:00:00,7752
2018-08-01 07:00:00,7788
2018-08-01 06:00:00,7726
2018-08-01 05:00:00,7730.31
2018-08-01 04:00:00,7755.2
2018-08-01 03:00:00,7769.64
2018-08-01 02:00:00,7775.91
2018-08-01 01:00:00,7834.8
2018-08-01 00:00:00,7805.69
2018-07-31 23:00:00,7774.29
2018-07-31 22:00:00,7792
2018-07-31 21:00:00,7835.91
2018-07-31 20:00:00,7981.14
2018-07-31 19:00:00,8024.75
2018-07-31 18:00:00,8023.6
2018-07-31 17:00:00,8072.3
2018-07-31 16:00:00,8130.45
2018-07-31 15:00:00,8138.84
2018-07-31 14:00:00,8156.08
2018-07-31 13:00:00,8148.76
2018-07-31 12:00:00,8133.23
2018-07-31 11:00:00,8136.62
2018-07-31 10:00:00,8149.22
2018-07-31 09:00:00,8141.91
2018-07-31 08:00:00,8176.42
2018-07-31 07:00:00,8199
2018-07-31 06:00:00,8200.02
2018-07-31 05:00:00,8171.9
2018-07-31 04:00:00,8197.28
2018-07-31 03:00:00,8153.91
2018-07-31 02:00:00,7980
2018-07-31 01:00:00,8120
2018-07-31 00:00:00,8143.51
2018-07-30 23:00:00,8197.25
2018-07-30 22:00:00,8200
2018-07-30 21:00:00,8145.97
2018-07-30 20:00:00,8168.16
2018-07-30 19:00:00,8163.76
2018-07-30 18:00:00,8181.28
2018-07-30 17:00:00,8188.62
2018-07-30 16:00:00,8190
2018-07-30 15:00:00,8165.99
2018-07-30 14:00:00,8192.37
2018-07-30 13:00:00,8195.09
2018-07-30 12:00:00,8198.35
2018-07-30 11:00:00,8231.94
2018-07-30 10:00:00,8225
2018-07-30 09:00:00,8275
2018-07-30 08:00:00,8228.33
2018-07-30 07:00:00,8277.12
2018-07-30 06:00:00,8204.09
2018-07-30 05:00:00,8212.3
2018-07-30 04:00:00,8221.43
2018-07-30 03:00:00,8219.79
2018-07-30 02:00:00,8214.8
2018-07-30 01:00:00,8197.29
2018-07-30 00:00:00,8233.07
2018-07-29 23:00:00,8233.35
2018-07-29 22:00:00,8248
2018-07-29 21:00:00,8220
2018-07-29 20:00:00,8237.05
2018-07-29 19:00:00,8167.43
2018-07-29 18:00:00,8165.91
2018-07-29 17:00:00,8180
2018-07-29 16:00:00,8175.61
2018-07-29 15:00:00,8217.83
2018-07-29 14:00:00,8218.01
2018-07-29 13:00:00,8227.26
2018-07-29 12:00:00,8239.6
2018-07-29 11:00:00,8249.85
2018-07-29 10:00:00,8295
2018-07-29 09:00:00,8274.8
2018-07-29 08:00:00,8290
2018-07-29 07:00:00,8244.17
2018-07-29 06:00:00,8199.8
2018-07-29 05:00:00,8178.48
2018-07-29 04:00:00,8199
2018-07-29 03:00:00,8203.95
2018-07-29 02:00:00,8199.8
2018-07-29 01:00:00,8210.5
2018-07-29 00:00:00,8188
2018-07-28 23:00:00,8150.58
2018-07-28 22:00:00,8167.6
2018-07-28 21:00:00,8200
2018-07-28 20:00:00,8205.35
2018-07-28 19:00:00,8220
2018-07-28 18:00:00,8207.91
2018-07-28 17:00:00,8217.73
2018-07-28 16:00:00,8221.78
2018-07-28 15:00:00,8212.37
2018-07-28 14:00:00,8200
2018-07-28 13:00:00,8233.96
2018-07-28 12:00:00,8220
2018-07-28 11:00:00,8180.61
2018-07-28 10:00:00,8197
2018-07-28 09:00:00,8198.43
2018-07-28 08:00:00,8254.29
2018-07-28 07:00:00,8265.42
2018-07-28 06:00:00,8263.21
2018-07-28 05:00:00,8273.77
2018-07-28 04:00:00,8250.58
2018-07-28 03:00:00,8278
2018-07-28 02:00:00,8277.64
2018-07-28 01:00:00,8193.34
2018-07-28 00:00:00,8237.8
2018-07-27 23:00:00,8199.99
2018-07-27 22:00:00,7890.85
2018-07-27 21:00:00,7899
2018-07-27 20:00:00,7938.56
2018-07-27 19:00:00,7955.4
2018-07-27 18:00:00,7961.16
2018-07-27 17:00:00,8001
2018-07-27 16:00:00,8004
2018-07-27 15:00:00,7929.62
2018-07-27 14:00:00,7950
2018-07-27 13:00:00,7950
2018-07-27 12:00:00,7948
2018-07-27 11:00:00,7910
2018-07-27 10:00:00,7919.2
2018-07-27 09:00:00,7933.46
2018-07-27 08:00:00,7954.69
2018-07-27 07:00:00,7980
2018-07-27 06:00:00,8043
2018-07-27 05:00:00,8151.71
2018-07-27 04:00:00,8301.08
2018-07-27 03:00:00,8280
2018-07-27 02:00:00,8245.68
2018-07-27 01:00:00,8250
2018-07-27 00:00:00,8214.52
2018-07-26 23:00:00,8231.51
2018-07-26 22:00:00,8240.55
2018-07-26 21:00:00,8242.24
2018-07-26 20:00:00,8257.3
2018-07-26 19:00:00,8296.4
2018-07-26 18:00:00,8313.08
2018-07-26 17:00:00,8300.01
2018-07-26 16:00:00,8273.47
2018-07-26 15:00:00,8302.74
2018-07-26 14:00:00,8276.14
2018-07-26 13:00:00,8247.19
2018-07-26 12:00:00,8260
2018-07-26 11:00:00,8242.24
2018-07-26 10:00:00,8215.04
2018-07-26 09:00:00,8250.97
2018-07-26 08:00:00,8261.91
2018-07-26 07:00:00,8285
2018-07-26 06:00:00,8329.52
2018-07-26 05:00:00,8320.24
2018-07-26 04:00:00,8195.77
2018-07-26 03:00:00,8168
2018-07-26 02:00:00,8138.24
2018-07-26 01:00:00,8170.56
2018-07-26 00:00:00,8191
2018-07-25 23:00:00,8195.09
2018-07-25 22:00:00,8206.19
2018-07-25 21:00:00,8220.82
2018-07-25 20:00:00,8225.91
2018-07-25 19:00:00,8230.53
2018-07-25 18:00:00,8228.27
2018-07-25 17:00:00,8292.98
2018-07-25 16:00:00,8328.43
2018-07-25 15:00:00,8420
2018-07-25 14:00:00,8443.47
2018-07-25 13:00:00,8450
2018-07-25 12:00:00,8417.42
2018-07-25 11:00:00,8373.75
2018-07-25 10:00:00,8403.6
2018-07-25 09:00:00,8451.03
2018-07-25 08:00:00,8487.12
2018-07-25 07:00:00,8487.3
2018-07-25 06:00:00,8343.6
2018-07-25 05:00:00,8267.13
2018-07-25 04:00:00,8265.22
2018-07-25 03:00:00,8303.89
2018-07-25 02:00:00,8277.44
2018-07-25 01:00:00,8283.54
2018-07-25 00:00:00,8202.02
2018-07-24 23:00:00,8213.05
2018-07-24 22:00:00,8260.1
2018-07-24 21:00:00,8261
2018-07-24 20:00:00,8360
2018-07-24 19:00:00,8269
2018-07-24 18:00:00,8143
2018-07-24 17:00:00,8038
2018-07-24 16:00:00,8039
2018-07-24 15:00:00,8044.65
2018-07-24 14:00:00,8007.77
2018-07-24 13:00:00,8038.21
2018-07-24 12:00:00,7886
2018-07-24 11:00:00,7800
2018-07-24 10:00:00,7780
2018-07-24 09:00:00,7770.84
2018-07-24 08:00:00,7736.45
2018-07-24 07:00:00,7730.41
2018-07-24 06:00:00,7776.5
2018-07-24 05:00:00,7759.92
2018-07-24 04:00:00,7770.12
2018-07-24 03:00:00,7808
2018-07-24 02:00:00,7800
2018-07-24 01:00:00,7753.34
2018-07-24 00:00:00,7751.55
2018-07-23 23:00:00,7750
2018-07-23 22:00:00,7726.11
2018-07-23 21:00:00,7730
2018-07-23 20:00:00,7713.83
2018-07-23 19:00:00,7706.58
2018-07-23 18:00:00,7713
2018-07-23 17:00:00,7723.34
2018-07-23 16:00:00,7766.05
2018-07-23 15:00:00,7800
2018-07-23 14:00:00,7711.83
2018-07-23 13:00:00,7675.05
2018-07-23 12:00:00,7699
2018-07-23 11:00:00,7650
2018-07-23 10:00:00,7666
2018-07-23 09:00:00,7512.08
2018-07-23 08:00:00,7478
2018-07-23 07:00:00,7420.23
2018-07-23 06:00:00,7432.3
2018-07-23 05:00:00,7572.12
2018-07-23 04:00:00,7550.23
2018-07-23 03:00:00,7535
2018-07-23 02:00:00,7532.81
2018-07-23 01:00:00,7521.13
2018-07-23 00:00:00,7545.75
2018-07-22 23:00:00,7551.67
2018-07-22 22:00:00,7516
2018-07-22 21:00:00,7490.05
2018-07-22 20:00:00,7457.01
2018-07-22 19:00:00,7465.92
2018-07-22 18:00:00,7461.97
2018-07-22 17:00:00,7450
2018-07-22 16:00:00,7455.76
2018-07-22 15:00:00,7399.8
2018-07-22 14:00:00,7410
2018-07-22 13:00:00,7410
2018-07-22 12:00:00,7429.66
2018-07-22 11:00:00,7436.29
2018-07-22 10:00:00,7485.61
2018-07-22 09:00:00,7486
2018-07-22 08:00:00,7447.92
2018-07-22 07:00:00,7425.44
2018-07-22 06:00:00,7427.3
2018-07-22 05:00:00,7430.57
2018-07-22 04:00:00,7457.3
2018-07-22 03:00:00,7447
2018-07-22 02:00:00,7441.92
2018-07-22 01:00:00,7426.9
2018-07-22 00:00:00,7434.8
2018-07-21 23:00:00,7414.31
2018-07-21 22:00:00,7390.44
2018-07-21 21:00:00,7374
2018-07-21 20:00:00,7360.06
2018-07-21 19:00:00,7330
2018-07-21 18:00:00,7330
2018-07-21 17:00:00,7342.75
2018-07-21 16:00:00,7335.69
2018-07-21 15:00:00,7349.8
2018-07-21 14:00:00,7363.77
2018-07-21 13:00:00,7332.3
2018-07-21 12:00:00,7308
2018-07-21 11:00:00,7295.81
2018-07-21 10:00:00,7303.92
2018-07-21 09:00:00,7274.5
2018-07-21 08:00:00,7337.37
2018-07-21 07:00:00,7359.8
2018-07-21 06:00:00,7378.37
2018-07-21 05:00:00,7373.03
2018-07-21 04:00:00,7376.01
2018-07-21 03:00:00,7382.75
2018-07-21 02:00:00,7390
2018-07-21 01:00:00,7512.07
2018-07-21 00:00:00,7699
2018-07-20 23:00:00,7520.65
2018-07-20 22:00:00,7498
2018-07-20 21:00:00,7480
2018-07-20 20:00:00,7514.8
2018-07-20 19:00:00,7517.38
2018-07-20 18:00:00,7472.88
2018-07-20 17:00:00,7490
2018-07-20 16:00:00,7505.29
2018-07-20 15:00:00,7444.8
2018-07-20 14:00:00,7430.87
2018-07-20 13:00:00,7458.6
2018-07-20 12:00:00,7463.76
2018-07-20 11:00:00,7468
2018-07-20 10:00:00,7471.8
2018-07-20 09:00:00,7459.78
2018-07-20 08:00:00,7475.5
2018-07-20 07:00:00,7509.14
2018-07-20 06:00:00,7558
2018-07-20 05:00:00,7461.25
2018-07-20 04:00:00,7482.43
2018-07-20 03:00:00,7484.8
2018-07-20 02:00:00,7450
2018-07-20 01:00:00,7432.07
2018-07-20 00:00:00,7418.81
2018-07-19 23:00:00,7485.92
2018-07-19 22:00:00,7488.88
2018-07-19 21:00:00,7524.05
2018-07-19 20:00:00,7449
2018-07-19 19:00:00,7433.86
2018-07-19 18:00:00,7423.74
2018-07-19 17:00:00,7421.9
2018-07-19 16:00:00,7337.43
2018-07-19 15:00:00,7347.28
2018-07-19 14:00:00,7367.93
2018-07-19 13:00:00,7344.79
2018-07-19 12:00:00,7343.72
2018-07-19 11:00:00,7354.79
2018-07-19 10:00:00,7340
2018-07-19 09:00:00,7333.71
2018-07-19 08:00:00,7380.75
2018-07-19 07:00:00,7389.47
2018-07-19 06:00:00,7375.5
2018-07-19 05:00:00,7354.8
2018-07-19 04:00:00,7396.18
2018-07-19 03:00:00,7441.62
2018-07-19 02:00:00,7588
2018-07-19 01:00:00,7508.18
2018-07-19 00:00:00,7462.15
2018-07-18 23:00:00,7452.83
2018-07-18 22:00:00,7525.85
2018-07-18 21:00:00,7460.83
2018-07-18 20:00:00,7470.39
2018-07-18 19:00:00,7437.28
2018-07-18 18:00:00,7425
2018-07-18 17:00:00,7408.32
2018-07-18 16:00:00,7430.99
2018-07-18 15:00:00,7468.47
2018-07-18 14:00:00,7469.8
2018-07-18 13:00:00,7472.56
2018-07-18 12:00:00,7467.42
2018-07-18 11:00:00,7546
2018-07-18 10:00:00,7440
2018-07-18 09:00:00,7348.57
2018-07-18 08:00:00,7368.66
2018-07-18 07:00:00,7338
2018-07-18 06:00:00,7374.8
2018-07-18 05:00:00,7379.28
2018-07-18 04:00:00,7323.75
2018-07-18 03:00:00,7371.84
2018-07-18 02:00:00,7455
2018-07-18 01:00:00,7228.35
2018-07-18 00:00:00,6780.55
2018-07-17 23:00:00,6793.85
2018-07-17 22:00:00,6740
2018-07-17 21:00:00,6699
2018-07-17 20:00:00,6707.34
2018-07-17 19:00:00,6720
2018-07-17 18:00:00,6717.32
2018-07-17 17:00:00,6719.43
2018-07-17 16:00:00,6731.95
2018-07-17 15:00:00,6704.18
2018-07-17 14:00:00,6692.36
2018-07-17 13:00:00,6709.59
2018-07-17 12:00:00,6751
2018-07-17 11:00:00,6749.5
2018-07-17 10:00:00,6748.02
2018-07-17 09:00:00,6743.33
2018-07-17 08:00:00,6738.28
2018-07-17 07:00:00,6744.68
2018-07-17 06:00:00,6690
2018-07-17 05:00:00,6670
2018-07-17 04:00:00,6682.93
2018-07-17 03:00:00,6689.19
2018-07-17 02:00:00,6703.33
2018-07-17 01:00:00,6710.68
2018-07-17 00:00:00,6652.6
2018-07-16 23:00:00,6648
2018-07-16 22:00:00,6630
2018-07-16 21:00:00,6618.83
2018-07-16 20:00:00,6639.49
2018-07-16 19:00:00,6700
2018-07-16 18:00:00,6560
2018-07-16 17:00:00,6547.27
2018-07-16 16:00:00,6410
2018-07-16 15:00:00,6380.21
2018-07-16 14:00:00,6387.34
2018-07-16 13:00:00,6369.43
2018-07-16 12:00:00,6356.81
2018-07-16 11:00:00,6365.33
2018-07-16 10:00:00,6355.21
2018-07-16 09:00:00,6356.65
2018-07-16 08:00:00,6382.8
2018-07-16 07:00:00,6370.41
2018-07-16 06:00:00,6385.86
2018-07-16 05:00:00,6389.5
2018-07-16 04:00:00,6379.51
2018-07-16 03:00:00,6365.84
2018-07-16 02:00:00,6380
2018-07-16 01:00:00,6394.8
2018-07-16 00:00:00,6400.18
2018-07-15 23:00:00,6391.48
2018-07-15 22:00:00,6367.25
2018-07-15 21:00:00,6360
2018-07-15 20:00:00,6359.56
2018-07-15 19:00:00,6364.02
2018-07-15 18:00:00,6391.48
2018-07-15 17:00:00,6335
2018-07-15 16:00:00,6377
2018-07-15 15:00:00,6293.15
2018-07-15 14:00:00,6300.01
2018-07-15 13:00:00,6300
2018-07-15 12:00:00,6290.11
2018-07-15 11:00:00,6274.39
2018-07-15 10:00:00,6247.9
2018-07-15 09:00:00,6248.24
2018-07-15 08:00:00,6259.23
2018-07-15 07:00:00,6263.61
2018-07-15 06:00:00,6272.96
2018-07-15 05:00:00,6284.08
2018-07-15 04:00:00,6324
2018-07-15 03:00:00,6274.85
2018-07-15 02:00:00,6295.54
2018-07-15 01:00:00,6270.98
2018-07-15 00:00:00,6272.3
2018-07-14 23:00:00,6244.79
2018-07-14 22:00:00,6249.77
2018-07-14 21:00:00,6237.39
2018-07-14 20:00:00,6251.66
2018-07-14 19:00:00,6241.49
2018-07-14 18:00:00,6220.23
2018-07-14 17:00:00,6225.2
2018-07-14 16:00:00,6227.31
2018-07-14 15:00:00,6230.11
2018-07-14 14:00:00,6228.01
2018-07-14 13:00:00,6233.49
2018-07-14 12:00:00,6220.37
2018-07-14 11:00:00,6227.48
2018-07-14 10:00:00,6245.62
2018-07-14 09:00:00,6280
2018-07-14 08:00:00,6267.73
2018-07-14 07:00:00,6250.79
2018-07-14 06:00:00,6223.87
2018-07-14 05:00:00,6230
2018-07-14 04:00:00,6219.8
2018-07-14 03:00:00,6244.58
2018-07-14 02:00:00,6337.25
2018-07-14 01:00:00,6270
2018-07-14 00:00:00,6266.63
2018-07-13 23:00:00,6262.64
2018-07-13 22:00:00,6261.08
2018-07-13 21:00:00,6275.59
2018-07-13 20:00:00,6287.3
2018-07-13 19:00:00,6251.51
2018-07-13 18:00:00,6244.36
2018-07-13 17:00:00,6252.26
2018-07-13 16:00:00,6255.89
2018-07-13 15:00:00,6257.55
2018-07-13 14:00:00,6245
2018-07-13 13:00:00,6250.22
2018-07-13 12:00:00,6274.44
2018-07-13 11:00:00,6264.31
2018-07-13 10:00:00,6265.06
2018-07-13 09:00:00,6248.71
2018-07-13 08:00:00,6281.49
2018-07-13 07:00:00,6260
2018-07-13 06:00:00,6164.27
2018-07-13 05:00:00,6175.23
2018-07-13 04:00:00,6187.86
2018-07-13 03:00:00,6175.67
2018-07-13 02:00:00,6183.03
2018-07-13 01:00:00,6192
2018-07-13 00:00:00,6192.29
2018-07-12 23:00:00,6178.62
2018-07-12 22:00:00,6194.8
2018-07-12 21:00:00,6182.29
2018-07-12 20:00:00,6199
2018-07-12 19:00:00,6182.74
2018-07-12 18:00:00,6210.92
2018-07-12 17:00:00,6209.81
2018-07-12 16:00:00,6199
2018-07-12 15:00:00,6223.76
2018-07-12 14:00:00,6322.98
2018-07-12 13:00:00,6328.9
2018-07-12 12:00:00,6341.43
2018-07-12 11:00:00,6341.46
2018-07-12 10:00:00,6341.08
2018-07-12 09:00:00,6360
2018-07-12 08:00:00,6374.98
2018-07-12 07:00:00,6375.24
2018-07-12 06:00:00,6375.08
2018-07-12 05:00:00,6369.8
2018-07-12 04:00:00,6363.23
2018-07-12 03:00:00,6345.18
2018-07-12 02:00:00,6347.67
2018-07-12 01:00:00,6359.96
2018-07-12 00:00:00,6354.71
2018-07-11 23:00:00,6363.03
2018-07-11 22:00:00,6375.05
2018-07-11 21:00:00,6389.8
2018-07-11 20:00:00,6376.08
2018-07-11 19:00:00,6399.8
2018-07-11 18:00:00,6358.57
2018-07-11 17:00:00,6377.65
2018-07-11 16:00:00,6375
2018-07-11 15:00:00,6368.7
2018-07-11 14:00:00,6337
2018-07-11 13:00:00,6351.08
2018-07-11 12:00:00,6359
2018-07-11 11:00:00,6370
2018-07-11 10:00:00,6377.7
2018-07-11 09:00:00,6400
2018-07-11 08:00:00,6400.28
2018-07-11 07:00:00,6363.95
2018-07-11 06:00:00,6378.03
2018-07-11 05:00:00,6406.97
2018-07-11 04:00:00,6399.08
2018-07-11 03:00:00,6381.06
2018-07-11 02:00:00,6383.81
2018-07-11 01:00:00,6371.07
2018-07-11 00:00:00,6410
2018-07-10 23:00:00,6392
2018-07-10 22:00:00,6391.99
2018-07-10 21:00:00,6416.99
2018-07-10 20:00:00,6380
2018-07-10 19:00:00,6470
2018-07-10 18:00:00,6476.61
2018-07-10 17:00:00,6587.43
2018-07-10 16:00:00,6619.67
2018-07-10 15:00:00,6606.17
2018-07-10 14:00:00,6621.7
2018-07-10 13:00:00,6645.13
2018-07-10 12:00:00,6652.79
2018-07-10 11:00:00,6647.43
2018-07-10 10:00:00,6661.18
2018-07-10 09:00:00,6670.67
2018-07-10 08:00:00,6677.96
2018-07-10 07:00:00,6702
2018-07-10 06:00:00,6798.87
2018-07-10 05:00:00,6727.95
2018-07-10 04:00:00,6708.42
2018-07-10 03:00:00,6714
2018-07-10 02:00:00,6704.98
2018-07-10 01:00:00,6709.06
2018-07-10 00:00:00,6736.41
2018-07-09 23:00:00,6742.42
2018-07-09 22:00:00,6736.74
2018-07-09 21:00:00,6744.5
2018-07-09 20:00:00,6722
2018-07-09 19:00:00,6743.65
2018-07-09 18:00:00,6703.12
2018-07-09 17:00:00,6716.38
2018-07-09 16:00:00,6732.31
2018-07-09 15:00:00,6743.24
2018-07-09 14:00:00,6721.09
2018-07-09 13:00:00,6709.73
2018-07-09 12:00:00,6711.46
2018-07-09 11:00:00,6716.52
2018-07-09 10:00:00,6703.12
2018-07-09 09:00:00,6712.92
2018-07-09 08:00:00,6728.71
2018-07-09 07:00:00,6750.01
2018-07-09 06:00:00,6766.8
2018-07-09 05:00:00,6762
2018-07-09 04:00:00,6768.76
2018-07-09 03:00:00,6767.99
2018-07-09 02:00:00,6764.83
2018-07-09 01:00:00,6772.75
2018-07-09 00:00:00,6744.29
2018-07-08 23:00:00,6775.53
2018-07-08 22:00:00,6750
2018-07-08 21:00:00,6746.97
2018-07-08 20:00:00,6750
2018-07-08 19:00:00,6739
2018-07-08 18:00:00,6737.86
2018-07-08 17:00:00,6739
2018-07-08 16:00:00,6738.34
2018-07-08 15:00:00,6736.6
2018-07-08 14:00:00,6730
2018-07-08 13:00:00,6730
2018-07-08 12:00:00,6721.5
2018-07-08 11:00:00,6747.03
2018-07-08 10:00:00,6747.6
2018-07-08 09:00:00,6757.72
2018-07-08 08:00:00,6783.8
2018-07-08 07:00:00,6800
2018-07-08 06:00:00,6570
2018-07-08 05:00:00,6543.47
2018-07-08 04:00:00,6541.35
2018-07-08 03:00:00,6558.52
2018-07-08 02:00:00,6560.05
2018-07-08 01:00:00,6565.08
2018-07-08 00:00:00,6574.89
2018-07-07 23:00:00,6570.45
2018-07-07 22:00:00,6587.95
2018-07-07 21:00:00,6557.21
2018-07-07 20:00:00,6615.6
2018-07-07 19:00:00,6588
2018-07-07 18:00:00,6590.22
2018-07-07 17:00:00,6580.22
2018-07-07 16:00:00,6592.99
2018-07-07 15:00:00,6595.22
2018-07-07 14:00:00,6600.68
2018-07-07 13:00:00,6609
2018-07-07 12:00:00,6621.48
2018-07-07 11:00:00,6614.78
2018-07-07 10:00:00,6598.1
2018-07-07 09:00:00,6603.63
2018-07-07 08:00:00,6613.55
2018-07-07 07:00:00,6617.02
2018-07-07 06:00:00,6625.3
2018-07-07 05:00:00,6587.73
2018-07-07 04:00:00,6590
2018-07-07 03:00:00,6581.59
2018-07-07 02:00:00,6610.84
2018-07-07 01:00:00,6625.93
2018-07-07 00:00:00,6579.12
2018-07-06 23:00:00,6573.63
2018-07-06 22:00:00,6569.64
2018-07-06 21:00:00,6585.81
2018-07-06 20:00:00,6637.35
2018-07-06 19:00:00,6540
2018-07-06 18:00:00,6545.13
2018-07-06 17:00:00,6509.19
2018-07-06 16:00:00,6538.8
2018-07-06 15:00:00,6500.3
2018-07-06 14:00:00,6506.08
2018-07-06 13:00:00,6536.48
2018-07-06 12:00:00,6535.42
2018-07-06 11:00:00,6561.13
2018-07-06 10:00:00,6552.18
2018-07-06 09:00:00,6535
2018-07-06 08:00:00,6549.84
2018-07-06 07:00:00,6567.1
2018-07-06 06:00:00,6545.23
2018-07-06 05:00:00,6511.22
2018-07-06 04:00:00,6526.3
2018-07-06 03:00:00,6520
2018-07-06 02:00:00,6588.93
2018-07-06 01:00:00,6603.82
2018-07-06 00:00:00,6643.5
2018-07-05 23:00:00,6625.85
2018-07-05 22:00:00,6614.08
2018-07-05 21:00:00,6675.32
2018-07-05 20:00:00,6661.65
2018-07-05 19:00:00,6697.44
2018-07-05 18:00:00,6668.1
2018-07-05 17:00:00,6654.06
2018-07-05 16:00:00,6628.11
2018-07-05 15:00:00,6624.18
2018-07-05 14:00:00,6616.13
2018-07-05 13:00:00,6670
2018-07-05 12:00:00,6638.1
2018-07-05 11:00:00,6632.13
2018-07-05 10:00:00,6650.28
2018-07-05 09:00:00,6700
2018-07-05 08:00:00,6601.27
2018-07-05 07:00:00,6600
2018-07-05 06:00:00,6696.02
2018-07-05 05:00:00,6696.02
2018-07-05 04:00:00,6696.11
2018-07-05 03:00:00,6685.59
2018-07-05 02:00:00,6698
2018-07-05 01:00:00,6682
2018-07-05 00:00:00,6694.87
2018-07-04 23:00:00,6706.11
2018-07-04 22:00:00,6717.81
2018-07-04 21:00:00,6799
2018-07-04 20:00:00,6567.11
2018-07-04 19:00:00,6545.86
2018-07-04 18:00:00,6545.86
2018-07-04 17:00:00,6545.05
2018-07-04 16:00:00,6561.02
2018-07-04 15:00:00,6480.24
2018-07-04 14:00:00,6500.73
2018-07-04 13:00:00,6500
2018-07-04 12:00:00,6483
2018-07-04 11:00:00,6488.24
2018-07-04 10:00:00,6463.87
2018-07-04 09:00:00,6457.88
2018-07-04 08:00:00,6523.36
2018-07-04 07:00:00,6531.84
2018-07-04 06:00:00,6619.88
2018-07-04 05:00:00,6618.31
2018-07-04 04:00:00,6624.37
2018-07-04 03:00:00,6642.27
2018-07-04 02:00:00,6585.16
2018-07-04 01:00:00,6589.21
2018-07-04 00:00:00,6597.45
2018-07-03 23:00:00,6598.06
2018-07-03 22:00:00,6583.55
2018-07-03 21:00:00,6587.03
2018-07-03 20:00:00,6583.01
2018-07-03 19:00:00,6593.88
2018-07-03 18:00:00,6614.9
2018-07-03 17:00:00,6640.51
2018-07-03 16:00:00,6643
2018-07-03 15:00:00,6652.98
2018-07-03 14:00:00,6642.97
2018-07-03 13:00:00,6650
2018-07-03 12:00:00,6679.95
2018-07-03 11:00:00,6670
2018-07-03 10:00:00,6647.32
2018-07-03 09:00:00,6630
2018-07-03 08:00:00,6616.19
2018-07-03 07:00:00,6631.07
2018-07-03 06:00:00,6652.94
2018-07-03 05:00:00,6659.61
2018-07-03 04:00:00,6638.48
2018-07-03 03:00:00,6683.55
2018-07-03 02:00:00,6650
2018-07-03 01:00:00,6628.89
2018-07-03 00:00:00,6637.24
2018-07-02 23:00:00,6638.95
2018-07-02 22:00:00,6651.14
2018-07-02 21:00:00,6666.66
2018-07-02 20:00:00,6356.42
2018-07-02 19:00:00,6360
2018-07-02 18:00:00,6357.05
2018-07-02 17:00:00,6355.08
2018-07-02 16:00:00,6404.97
2018-07-02 15:00:00,6364.81
2018-07-02 14:00:00,6326.68
2018-07-02 13:00:00,6313.08
2018-07-02 12:00:00,6348.13
2018-07-02 11:00:00,6351.9
2018-07-02 10:00:00,6348.9
2018-07-02 09:00:00,6353.34
2018-07-02 08:00:00,6367.56
2018-07-02 07:00:00,6398.91
2018-07-02 06:00:00,6396.4
2018-07-02 05:00:00,6374.91
2018-07-02 04:00:00,6412.71
2018-07-02 03:00:00,6328.29
2018-07-02 02:00:00,6340
2018-07-02 01:00:00,6346.36
2018-07-02 00:00:00,6328.9
2018-07-01 23:00:00,6325.46
2018-07-01 22:00:00,6348.54
2018-07-01 21:00:00,6364.87
2018-07-01 20:00:00,6386.37
2018-07-01 19:00:00,6384.84
2018-07-01 18:00:00,6389
2018-07-01 17:00:00,6403.9
2018-07-01 16:00:00,6390.91
2018-07-01 15:00:00,6394.13
2018-07-01 14:00:00,6407.46
2018-07-01 13:00:00,6404.29
2018-07-01 12:00:00,6362.46
2018-07-01 11:00:00,6360.91
2018-07-01 10:00:00,6362.55
2018-07-01 09:00:00,6374.91
2018-07-01 08:00:00,6450
2018-07-01 07:00:00,6428.04
2018-07-01 06:00:00,6345.85
2018-07-01 05:00:00,6360.78
2018-07-01 04:00:00,6376.91
2018-07-01 03:00:00,6332.91
2018-07-01 02:00:00,6350
2018-07-01 01:00:00,6359.2
2018-07-01 00:00:00,6383.46
2018-06-30 23:00:00,6387.31
2018-06-30 22:00:00,6398.33
2018-06-30 21:00:00,6404.84
2018-06-30 20:00:00,6453.46
2018-06-30 19:00:00,6406.45
2018-06-30 18:00:00,6413.62
2018-06-30 17:00:00,6430
2018-06-30 16:00:00,6409.39
2018-06-30 15:00:00,6418
2018-06-30 14:00:00,6404.91
2018-06-30 13:00:00,6410
2018-06-30 12:00:00,6393.58
2018-06-30 11:00:00,6439
2018-06-30 10:00:00,6438.54
2018-06-30 09:00:00,6515.55
2018-06-30 08:00:00,6250
2018-06-30 07:00:00,6267.82
2018-06-30 06:00:00,6294.55
2018-06-30 05:00:00,5927.34
2018-06-30 04:00:00,5925.67
2018-06-30 03:00:00,5889.91
2018-06-30 02:00:00,5900.7
2018-06-30 01:00:00,5900
2018-06-30 00:00:00,5915.99
2018-06-29 23:00:00,5908.62
2018-06-29 22:00:00,5912.12
2018-06-29 21:00:00,5878.98
2018-06-29 20:00:00,5910.04
2018-06-29 19:00:00,5891.26
2018-06-29 18:00:00,5925.93
2018-06-29 17:00:00,5926.91
2018-06-29 16:00:00,5929.6
2018-06-29 15:00:00,5904.91
2018-06-29 14:00:00,5912.91
2018-06-29 13:00:00,5973.16
2018-06-29 12:00:00,5886.01
2018-06-29 11:00:00,5888
2018-06-29 10:00:00,5885.77
2018-06-29 09:00:00,5905.75
2018-06-29 08:00:00,5907.33
2018-06-29 07:00:00,5941.69
2018-06-29 06:00:00,5968.29
2018-06-29 05:00:00,6054.33
2018-06-29 04:00:00,6103.75
2018-06-29 03:00:00,6113.54
2018-06-29 02:00:00,6110.63
2018-06-29 01:00:00,6112.61
2018-06-29 00:00:00,6120.3
2018-06-28 23:00:00,6125.23
2018-06-28 22:00:00,6132.18
2018-06-28 21:00:00,6111.46
2018-06-28 20:00:00,6126.46
2018-06-28 19:00:00,6110.95
2018-06-28 18:00:00,6107.97
2018-06-28 17:00:00,6117.89
2018-06-28 16:00:00,6134.57
2018-06-28 15:00:00,6111.19
2018-06-28 14:00:00,6117.41
2018-06-28 13:00:00,6118.26
2018-06-28 12:00:00,6106.99
2018-06-28 11:00:00,6127.6
2018-06-28 10:00:00,6150.01
2018-06-28 09:00:00,6144.78
2018-06-28 08:00:00,6168.54
2018-06-28 07:00:00,6190.91
2018-06-28 06:00:00,6161.07
2018-06-28 05:00:00,6132.55
2018-06-28 04:00:00,6144.85
2018-06-28 03:00:00,6155.4
2018-06-28 02:00:00,6129
2018-06-28 01:00:00,6129.72
2018-06-28 00:00:00,6134.91
2018-06-27 23:00:00,6153.33
2018-06-27 22:00:00,6090.02
2018-06-27 21:00:00,6103.7
2018-06-27 20:00:00,6094.14
2018-06-27 19:00:00,6120.05
2018-06-27 18:00:00,6142.12
2018-06-27 17:00:00,6111.02
2018-06-27 16:00:00,6117.7
2018-06-27 15:00:00,6085.76
2018-06-27 14:00:00,6091.29
2018-06-27 13:00:00,6091.31
2018-06-27 12:00:00,6065.5
2018-06-27 11:00:00,6084.2
2018-06-27 10:00:00,6084.85
2018-06-27 09:00:00,6115.63
2018-06-27 08:00:00,6103.08
2018-06-27 07:00:00,6158.48
2018-06-27 06:00:00,6217.66
2018-06-27 05:00:00,6250
2018-06-27 04:00:00,6187
2018-06-27 03:00:00,6181.7
